{
  "NQ": {
    "dataset": "NQ",
    "methods": {
      "PoisonedRAG-BB": {
        "n_texts": 15,
        "nat_mean": 0.0885306811207649,
        "nat_std": 0.01408171450497562,
        "clean_nat_mean": 0.031712184632123365,
        "auc": 1.0,
        "fpr": [
          0.0,
          0.0,
          0.0,
          0.0,
          0.0,
          0.0,
          0.0,
          0.0,
          0.0,
          0.0,
          0.0,
          0.0,
          0.0,
          0.0,
          0.0,
          0.0,
          0.3333333333333333,
          0.6666666666666666,
          1.0,
          1.0
        ],
        "tpr": [
          0.0,
          0.06666666666666667,
          0.13333333333333333,
          0.2,
          0.26666666666666666,
          0.3333333333333333,
          0.4,
          0.4666666666666667,
          0.5333333333333333,
          0.6,
          0.6666666666666666,
          0.7333333333333333,
          0.8,
          0.8666666666666667,
          0.9333333333333333,
          1.0,
          1.0,
          1.0,
          1.0,
          1.0
        ]
      },
      "PoisonedRAG-WB": {
        "n_texts": 15,
        "nat_mean": 0.20000615280645864,
        "nat_std": 0.06075925817986913,
        "clean_nat_mean": 0.031712184632123365,
        "auc": 1.0,
        "fpr": [
          0.0,
          0.0,
          0.0,
          0.0,
          0.0,
          0.0,
          0.0,
          0.0,
          0.0,
          0.0,
          0.0,
          0.0,
          0.0,
          0.0,
          0.0,
          0.0,
          0.3333333333333333,
          0.6666666666666666,
          1.0,
          1.0
        ],
        "tpr": [
          0.0,
          0.06666666666666667,
          0.13333333333333333,
          0.2,
          0.26666666666666666,
          0.3333333333333333,
          0.4,
          0.4666666666666667,
          0.5333333333333333,
          0.6,
          0.6666666666666666,
          0.7333333333333333,
          0.8,
          0.8666666666666667,
          0.9333333333333333,
          1.0,
          1.0,
          1.0,
          1.0,
          1.0
        ]
      },
      "GRASP": {
        "n_texts": 15,
        "nat_mean": 0.05819861231467174,
        "nat_std": 0.0011573549557490092,
        "clean_nat_mean": 0.031712184632123365,
        "auc": 1.0,
        "fpr": [
          0.0,
          0.0,
          0.0,
          0.0,
          0.0,
          0.0,
          0.0,
          0.0,
          0.0,
          0.0,
          0.0,
          0.0,
          0.0,
          0.0,
          0.0,
          0.0,
          0.3333333333333333,
          0.6666666666666666,
          1.0,
          1.0
        ],
        "tpr": [
          0.0,
          0.06666666666666667,
          0.13333333333333333,
          0.2,
          0.26666666666666666,
          0.3333333333333333,
          0.4,
          0.4666666666666667,
          0.5333333333333333,
          0.6,
          0.6666666666666666,
          0.7333333333333333,
          0.8,
          0.8666666666666667,
          0.9333333333333333,
          1.0,
          1.0,
          1.0,
          1.0,
          1.0
        ]
      }
    }
  },
  "HotpotQA": {
    "dataset": "HotpotQA",
    "methods": {
      "PoisonedRAG-BB": {
        "n_texts": 15,
        "nat_mean": 0.07887017580626132,
        "nat_std": 0.017850095187472215,
        "clean_nat_mean": 0.04390406154404112,
        "auc": 0.9555555555555556,
        "fpr": [
          0.0,
          0.0,
          0.0,
          0.0,
          0.0,
          0.0,
          0.0,
          0.0,
          0.0,
          0.0,
          0.0,
          0.0,
          0.0,
          0.0,
          0.0,
          0.3333333333333333,
          0.6666666666666666,
          0.6666666666666666,
          1.0,
          1.0
        ],
        "tpr": [
          0.0,
          0.06666666666666667,
          0.13333333333333333,
          0.2,
          0.26666666666666666,
          0.3333333333333333,
          0.4,
          0.4666666666666667,
          0.5333333333333333,
          0.6,
          0.6666666666666666,
          0.7333333333333333,
          0.8,
          0.8666666666666667,
          0.9333333333333333,
          0.9333333333333333,
          0.9333333333333333,
          1.0,
          1.0,
          1.0
        ]
      },
      "PoisonedRAG-WB": {
        "n_texts": 15,
        "nat_mean": 0.18024164018680228,
        "nat_std": 0.06495734349721771,
        "clean_nat_mean": 0.04390406154404112,
        "auc": 0.9555555555555556,
        "fpr": [
          0.0,
          0.0,
          0.0,
          0.0,
          0.0,
          0.0,
          0.0,
          0.0,
          0.0,
          0.0,
          0.0,
          0.0,
          0.0,
          0.0,
          0.0,
          0.3333333333333333,
          0.6666666666666666,
          0.6666666666666666,
          1.0,
          1.0
        ],
        "tpr": [
          0.0,
          0.06666666666666667,
          0.13333333333333333,
          0.2,
          0.26666666666666666,
          0.3333333333333333,
          0.4,
          0.4666666666666667,
          0.5333333333333333,
          0.6,
          0.6666666666666666,
          0.7333333333333333,
          0.8,
          0.8666666666666667,
          0.9333333333333333,
          0.9333333333333333,
          0.9333333333333333,
          1.0,
          1.0,
          1.0
        ]
      },
      "GRASP": {
        "n_texts": 15,
        "nat_mean": 0.03340450091619614,
        "nat_std": 0.004533776377327321,
        "clean_nat_mean": 0.04390406154404112,
        "auc": 0.22222222222222224,
        "fpr": [
          0.0,
          0.3333333333333333,
          0.6666666666666666,
          0.6666666666666666,
          0.6666666666666666,
          0.6666666666666666,
          0.6666666666666666,
          0.6666666666666666,
          0.6666666666666666,
          0.6666666666666666,
          0.6666666666666666,
          0.6666666666666666,
          0.6666666666666666,
          1.0,
          1.0,
          1.0,
          1.0,
          1.0,
          1.0,
          1.0
        ],
        "tpr": [
          0.0,
          0.0,
          0.0,
          0.06666666666666667,
          0.13333333333333333,
          0.2,
          0.26666666666666666,
          0.3333333333333333,
          0.4,
          0.4666666666666667,
          0.5333333333333333,
          0.6,
          0.6666666666666666,
          0.6666666666666666,
          0.7333333333333333,
          0.8,
          0.8666666666666667,
          0.9333333333333333,
          1.0,
          1.0
        ]
      }
    }
  }
}