{
  "dataset": "NQ",
  "n_sample_queries": 20,
  "n_generations": 30,
  "mean_fitness_histories": {
    "GRASP-Full": [
      0.12133285262417377,
      0.15405856900413756,
      0.16034555172359055,
      0.17154292749812156,
      0.17514992536318238,
      0.17965430192655568,
      0.18351658308696503,
      0.18630465306011892,
      0.18746980930215668,
      0.18841151336140974,
      0.18899196674799662,
      0.18926674356443898,
      0.1893683139924169,
      0.18944654365422964,
      0.18944654365422964,
      0.19186919999902624,
      0.19229813929229142,
      0.19254717022195525,
      0.19254717022195525,
      0.192710529691119,
      0.19291240068053747,
      0.19311256088808176,
      0.19311256088808176,
      0.19311256088808176,
      0.19311256088808176,
      0.19311256088808176,
      0.19311256088808176,
      0.19311256088808176,
      0.19311256088808176,
      0.19311256088808176
    ],
    "GRASP-FragOnly": [
      0.12133285262417377,
      0.12133285262417377,
      0.12133285262417377,
      0.12133285262417377,
      0.12133285262417377,
      0.12133285262417377,
      0.12133285262417377,
      0.12133285262417377,
      0.12133285262417377,
      0.12133285262417377,
      0.12133285262417377,
      0.12133285262417377,
      0.12133285262417377,
      0.12133285262417377,
      0.12133285262417377,
      0.12133285262417377,
      0.12133285262417377,
      0.12133285262417377,
      0.12133285262417377,
      0.12133285262417377,
      0.12133285262417377,
      0.12133285262417377,
      0.12133285262417377,
      0.12133285262417377,
      0.12133285262417377,
      0.12133285262417377,
      0.12133285262417377,
      0.12133285262417377,
      0.12133285262417377,
      0.12133285262417377
    ],
    "GRASP-SwapOnly": [
      0.1087599072077976,
      0.1087599072077976,
      0.1087599072077976,
      0.1087599072077976,
      0.1087599072077976,
      0.1087599072077976,
      0.1087599072077976,
      0.1087599072077976,
      0.1087599072077976,
      0.1087599072077976,
      0.1087599072077976,
      0.1087599072077976,
      0.1087599072077976,
      0.1087599072077976,
      0.1087599072077976,
      0.1087599072077976,
      0.1087599072077976,
      0.1087599072077976,
      0.1087599072077976,
      0.1087599072077976,
      0.1087599072077976,
      0.1087599072077976,
      0.1087599072077976,
      0.1087599072077976,
      0.1087599072077976,
      0.1087599072077976,
      0.1087599072077976,
      0.1087599072077976,
      0.1087599072077976,
      0.1087599072077976
    ]
  }
}